{
  "params": {
    "amount_threshold": 1.917034766641411,
    "amount_cap": 11.570906601599283,
    "time_threshold": 1.6867894675782207,
    "time_cap": 9.865352693408063,
    "freq_threshold": 1.689593770108471,
    "freq_cap": 9.001123532822941,
    "cat_threshold": 1.137076390297111,
    "cat_cap": 10.909289522975373,
    "min_history": 4.296987743976637,
    "smoothing": 0.09249528892929462
  },
  "param_bounds": [
    [
      0.0,
      3.0
    ],
    [
      3.0,
      15.0
    ],
    [
      0.0,
      3.0
    ],
    [
      3.0,
      15.0
    ],
    [
      0.0,
      3.0
    ],
    [
      3.0,
      15.0
    ],
    [
      0.0,
      3.0
    ],
    [
      3.0,
      15.0
    ],
    [
      2.0,
      20.0
    ],
    [
      0.001,
      0.5
    ]
  ],
  "ga_best_f1": 0.7269439421338155
}