{
  "params": {
    "amount_threshold": 1.0726784110289964,
    "amount_cap": 7.672445142215725,
    "time_threshold": 0.45102865365508993,
    "time_cap": 10.790406386165206,
    "freq_threshold": 1.0964846686685843,
    "freq_cap": 11.102022422585517,
    "cat_threshold": 0.9468478689221196,
    "cat_cap": 9.811793295034686,
    "min_history": 13.47007259045266,
    "smoothing": 0.1288082239320035
  },
  "param_bounds": [
    [
      0.0,
      3.0
    ],
    [
      3.0,
      15.0
    ],
    [
      0.0,
      3.0
    ],
    [
      3.0,
      15.0
    ],
    [
      0.0,
      3.0
    ],
    [
      3.0,
      15.0
    ],
    [
      0.0,
      3.0
    ],
    [
      3.0,
      15.0
    ],
    [
      2.0,
      20.0
    ],
    [
      0.001,
      0.5
    ]
  ],
  "ga_best_f1": 0.7285974499089253
}