{
  "feature_cols": [
    "amt",
    "city_pop",
    "hour",
    "month",
    "distance_cardholder_merchant",
    "age",
    "is_weekend",
    "is_night",
    "velocity_1h",
    "velocity_24h",
    "amount_velocity_1h",
    "category_encoded",
    "gender_encoded",
    "day_of_week_encoded"
  ],
  "stats": {
    "amt": {
      "all": {
        "mean": 70.35103545607033,
        "std": 160.31597675338924,
        "min": 1.0,
        "max": 28948.9,
        "median": 47.52,
        "p25": 9.65,
        "p75": 83.14,
        "p95": 196.31,
        "p99": 545.9926000000002
      },
      "normal": {
        "mean": 67.6671098126002,
        "std": 154.00791081459792,
        "min": 1.0,
        "max": 28948.9,
        "median": 47.28,
        "p25": 9.61,
        "p75": 82.54,
        "p95": 189.9,
        "p99": 486.3032000000007
      },
      "fraud": {
        "mean": 531.3200919264589,
        "std": 390.5340523341921,
        "min": 1.06,
        "max": 1376.04,
        "median": 396.505,
        "p25": 245.6625,
        "p75": 900.875,
        "p95": 1083.9850000000001,
        "p99": 1179.6899999999996
      }
    },
    "city_pop": {
      "all": {
        "mean": 88824.44056297839,
        "std": 301956.2442538621,
        "min": 23.0,
        "max": 2906700.0,
        "median": 2456.0,
        "p25": 743.0,
        "p75": 20328.0,
        "p95": 525713.0,
        "p99": 1577385.0
      },
      "normal": {
        "mean": 88775.22813688508,
        "std": 301806.42814912513,
        "min": 23.0,
        "max": 2906700.0,
        "median": 2456.0,
        "p25": 743.0,
        "p75": 20328.0,
        "p95": 525713.0,
        "p99": 1577385.0
      },
      "fraud": {
        "mean": 97276.76325606182,
        "std": 326559.71125086304,
        "min": 23.0,
        "max": 2906700.0,
        "median": 2623.0,
        "p25": 746.5,
        "p75": 21437.0,
        "p95": 601723.0,
        "p99": 1595797.0
      }
    },
    "hour": {
      "all": {
        "mean": 12.804857809397111,
        "std": 6.81782127022264,
        "min": 0.0,
        "max": 23.0,
        "median": 14.0,
        "p25": 7.0,
        "p75": 19.0,
        "p95": 23.0,
        "p99": 23.0
      },
      "normal": {
        "mean": 12.797678969941101,
        "std": 6.796794081910967,
        "min": 0.0,
        "max": 23.0,
        "median": 14.0,
        "p25": 7.0,
        "p75": 19.0,
        "p95": 23.0,
        "p99": 23.0
      },
      "fraud": {
        "mean": 14.037836397548627,
        "std": 9.701659797829093,
        "min": 0.0,
        "max": 23.0,
        "median": 22.0,
        "p25": 2.0,
        "p75": 23.0,
        "p95": 23.0,
        "p99": 23.0
      }
    },
    "month": {
      "all": {
        "mean": 6.142149729114851,
        "std": 3.417701990153728,
        "min": 1.0,
        "max": 12.0,
        "median": 6.0,
        "p25": 3.0,
        "p75": 9.0,
        "p95": 12.0,
        "p99": 12.0
      },
      "normal": {
        "mean": 6.145385903632495,
        "std": 3.4172217373996814,
        "min": 1.0,
        "max": 12.0,
        "median": 6.0,
        "p25": 3.0,
        "p75": 9.0,
        "p95": 12.0,
        "p99": 12.0
      },
      "fraud": {
        "mean": 5.586330935251799,
        "std": 3.454522739632881,
        "min": 1.0,
        "max": 12.0,
        "median": 5.0,
        "p25": 3.0,
        "p75": 8.0,
        "p95": 12.0,
        "p99": 12.0
      }
    },
    "distance_cardholder_merchant": {
      "all": {
        "mean": 76.11465060395156,
        "std": 29.116923283738448,
        "min": 0.0222545156385336,
        "max": 152.11717310595034,
        "median": 78.2317512923315,
        "p25": 55.33491342870513,
        "p75": 98.50326828483044,
        "p95": 120.49539279561498,
        "p99": 132.05284993470494
      },
      "normal": {
        "mean": 76.1137558300731,
        "std": 29.119039783424565,
        "min": 0.0222545156385336,
        "max": 152.11717310595034,
        "median": 78.23301215383945,
        "p25": 55.33270056205893,
        "p75": 98.50449808724014,
        "p95": 120.49672530100145,
        "p99": 132.05285937273723
      },
      "fraud": {
        "mean": 76.26832962688201,
        "std": 28.75068623176252,
        "min": 0.73876912165158,
        "max": 144.52241007387715,
        "median": 77.93195445765167,
        "p25": 55.63288984173027,
        "p75": 98.39108998950806,
        "p95": 120.15581464141884,
        "p99": 132.039781858379
      }
    },
    "age": {
      "all": {
        "mean": 46.02929801222357,
        "std": 17.382365922068672,
        "min": 14.0,
        "max": 96.0,
        "median": 44.0,
        "p25": 33.0,
        "p75": 57.0,
        "p95": 80.0,
        "p99": 91.0
      },
      "normal": {
        "mean": 46.01278032593089,
        "std": 17.372070964209964,
        "min": 14.0,
        "max": 96.0,
        "median": 44.0,
        "p25": 33.0,
        "p75": 57.0,
        "p95": 80.0,
        "p99": 91.0
      },
      "fraud": {
        "mean": 48.86624034106048,
        "std": 18.854801984128642,
        "min": 14.0,
        "max": 94.0,
        "median": 48.0,
        "p25": 33.0,
        "p75": 61.0,
        "p95": 84.0,
        "p99": 92.0
      }
    },
    "is_weekend": {
      "all": {
        "mean": 0.34822603967840826,
        "std": 0.4764080865899527,
        "min": 0.0,
        "max": 1.0,
        "median": 0.0,
        "p25": 0.0,
        "p75": 1.0,
        "p95": 1.0,
        "p99": 1.0
      },
      "normal": {
        "mean": 0.3483585162224658,
        "std": 0.4764502706450567,
        "min": 0.0,
        "max": 1.0,
        "median": 0.0,
        "p25": 0.0,
        "p75": 1.0,
        "p95": 1.0,
        "p99": 1.0
      },
      "fraud": {
        "mean": 0.32547295496935785,
        "std": 0.46855128913798993,
        "min": 0.0,
        "max": 1.0,
        "median": 0.0,
        "p25": 0.0,
        "p75": 1.0,
        "p95": 1.0,
        "p99": 1.0
      }
    },
    "is_night": {
      "all": {
        "mean": 0.2999332909171535,
        "std": 0.4582284494842716,
        "min": 0.0,
        "max": 1.0,
        "median": 0.0,
        "p25": 0.0,
        "p75": 1.0,
        "p95": 1.0,
        "p99": 1.0
      },
      "normal": {
        "mean": 0.2966624236232798,
        "std": 0.45678641620919674,
        "min": 0.0,
        "max": 1.0,
        "median": 0.0,
        "p25": 0.0,
        "p75": 1.0,
        "p95": 1.0,
        "p99": 1.0
      },
      "fraud": {
        "mean": 0.8617106314948042,
        "std": 0.3452034459034701,
        "min": 0.0,
        "max": 1.0,
        "median": 1.0,
        "p25": 1.0,
        "p75": 1.0,
        "p95": 1.0,
        "p99": 1.0
      }
    },
    "velocity_1h": {
      "all": {
        "mean": 1.1894992962770161,
        "std": 0.46171774328687926,
        "min": 1.0,
        "max": 7.0,
        "median": 1.0,
        "p25": 1.0,
        "p75": 1.0,
        "p95": 2.0,
        "p99": 3.0
      },
      "normal": {
        "mean": 1.1866543486540555,
        "std": 0.4557668117826814,
        "min": 1.0,
        "max": 7.0,
        "median": 1.0,
        "p25": 1.0,
        "p75": 1.0,
        "p95": 2.0,
        "p99": 3.0
      },
      "fraud": {
        "mean": 1.6781241673328005,
        "std": 0.954350269845108,
        "min": 1.0,
        "max": 7.0,
        "median": 1.0,
        "p25": 1.0,
        "p75": 2.0,
        "p95": 4.0,
        "p99": 5.0
      }
    },
    "velocity_24h": {
      "all": {
        "mean": 4.884108199818767,
        "std": 3.082070379992481,
        "min": 1.0,
        "max": 36.0,
        "median": 4.0,
        "p25": 3.0,
        "p75": 6.0,
        "p95": 11.0,
        "p99": 15.0
      },
      "normal": {
        "mean": 4.8820767486652255,
        "std": 3.085295493328048,
        "min": 1.0,
        "max": 36.0,
        "median": 4.0,
        "p25": 3.0,
        "p75": 6.0,
        "p95": 11.0,
        "p99": 15.0
      },